,Unnamed: 0,title,artist,top_genre,year,bpm,nrgy,dnce,dB,live,val,dur,acous,spch,pop
0,1,"Hey, Soul Sister",Train,neo mellow,2010,97,89,67,-4,8,80,217,19,4,83
1,2,Love The Way You Lie,Eminem,detroit hip hop,2010,87,93,75,-5,52,64,263,24,23,82
2,3,TiK ToK,Kesha,dance pop,2010,120,84,76,-3,29,71,200,10,14,80
3,4,Bad Romance,Lady Gaga,dance pop,2010,119,92,70,-4,8,71,295,0,4,79
4,5,Just the Way You Are,Bruno Mars,pop,2010,109,84,64,-5,9,43,221,2,4,78
5,6,Baby,Justin Bieber,canadian pop,2010,65,86,73,-5,11,54,214,4,14,77
6,7,Dynamite,Taio Cruz,dance pop,2010,120,78,75,-4,4,82,203,0,9,77
7,8,Secrets,OneRepublic,dance pop,2010,148,76,52,-6,12,38,225,7,4,77
8,9,Empire State of Mind (Part II) Broken Down,Alicia Keys,hip pop,2010,93,37,48,-8,12,14,216,74,3,76
9,10,Only Girl (In The World),Rihanna,barbadian pop,2010,126,72,79,-4,7,61,235,13,4,73
10,11,Club Can't Handle Me (feat. David Guetta),Flo Rida,dance pop,2010,128,87,62,-4,6,47,235,3,3,73
11,12,Marry You,Bruno Mars,pop,2010,145,83,62,-5,10,48,230,33,4,73
12,13,Cooler Than Me - Single Mix,Mike Posner,dance pop,2010,130,82,77,-5,70,63,213,18,5,73
13,14,Telephone,Lady Gaga,dance pop,2010,122,83,83,-6,11,71,221,1,4,73
14,15,Like A G6,Far East Movement,dance pop,2010,125,84,44,-8,12,78,217,1,45,72
15,16,OMG (feat. will.i.am),Usher,atl hip hop,2010,130,75,78,-6,36,33,269,20,3,72
16,17,Eenie Meenie,Sean Kingston,dance pop,2010,121,61,72,-4,11,83,202,5,3,71
17,18,The Time (Dirty Bit),The Black Eyed Peas,dance pop,2010,128,81,82,-8,60,44,308,7,7,70
18,19,Alejandro,Lady Gaga,dance pop,2010,99,80,63,-7,36,37,274,0,5,69
19,20,Your Love Is My Drug,Kesha,dance pop,2010,120,61,83,-4,9,76,187,1,10,69
20,21,Meet Me Halfway,The Black Eyed Peas,dance pop,2010,130,63,80,-7,32,40,284,0,7,68
21,22,Whataya Want from Me,Adam Lambert,australian pop,2010,186,68,44,-5,6,45,227,1,5,66
22,23,Take It Off,Kesha,dance pop,2010,125,68,73,-5,9,74,215,0,3,66
23,24,Misery,Maroon 5,pop,2010,103,81,70,-5,22,73,216,0,4,65
24,25,All The Right Moves,OneRepublic,dance pop,2010,146,95,53,-4,28,65,238,26,5,65
25,26,Animal,Neon Trees,indie pop,2010,148,83,48,-6,38,74,212,0,4,65
26,27,Naturally,Selena Gomez & The Scene,dance pop,2010,133,90,61,-5,5,88,203,2,5,64
27,28,I Like It,Enrique Iglesias,dance pop,2010,129,94,65,-3,6,73,231,2,9,63
28,29,Teenage Dream,Katy Perry,dance pop,2010,120,80,72,-5,13,59,228,2,4,63
29,30,California Gurls,Katy Perry,dance pop,2010,125,75,79,-4,18,40,235,0,5,62
30,31,3,Britney Spears,dance pop,2010,135,71,70,-2,14,79,213,5,5,62
31,32,My First Kiss - feat. Ke$ha,3OH!3,dance pop,2010,138,89,68,-4,36,83,192,1,8,62
32,33,Blah Blah Blah (feat. 3OH!3),Kesha,dance pop,2010,120,84,75,-3,42,52,172,8,12,62
33,34,Imma Be,The Black Eyed Peas,dance pop,2010,92,52,60,-7,31,41,258,18,37,62
34,35,Try Sleeping with a Broken Heart,Alicia Keys,hip pop,2010,111,82,50,-5,13,55,249,16,11,62
35,36,Sexy Bitch (feat. Akon),David Guetta,dance pop,2010,130,63,81,-5,13,80,196,8,5,61
36,37,Bound To You - Burlesque Original Motion Picture Soundtrack,Christina Aguilera,dance pop,2010,164,41,29,-5,13,7,264,83,3,61
37,38,If I Had You,Adam Lambert,australian pop,2010,131,91,65,-4,37,79,228,1,11,59
38,39,Rock That Body,The Black Eyed Peas,dance pop,2010,125,91,72,-6,43,84,269,2,10,59
39,40,Dog Days Are Over,Florence + The Machine,art pop,2010,150,81,50,-5,12,26,253,3,9,58
40,41,Something's Got A Hold On Me - Burlesque Original Motion Picture Soundtrack,Christina Aguilera,dance pop,2010,150,85,51,-4,12,72,185,47,27,58
41,42,Doesn't Mean Anything,Alicia Keys,hip pop,2010,104,41,71,-7,10,10,273,4,3,57
42,43,Hard,Rihanna,barbadian pop,2010,182,75,31,-4,65,16,251,1,11,57
43,44,Loca,Shakira,colombian pop,2010,112,87,80,-4,9,85,193,19,7,56
44,45,You Lost Me,Christina Aguilera,dance pop,2010,43,39,23,-6,14,7,257,85,4,56
45,46,Not Myself Tonight,Christina Aguilera,dance pop,2010,120,81,76,-5,56,54,186,0,4,55
46,47,Written in the Stars (feat. Eric Turner),Tinie Tempah,dance pop,2010,91,95,64,-4,18,57,220,6,7,52
47,48,DJ Got Us Fallin' In Love (feat. Pitbull),Usher,atl hip hop,2010,120,86,66,-3,8,65,221,3,11,52
48,49,Castle Walls (feat. Christina Aguilera),T.I.,atl hip hop,2010,80,86,45,-5,26,58,329,7,39,49
49,50,Break Your Heart,Taio Cruz,dance pop,2010,122,90,67,-5,8,63,186,0,3,33
50,51,Hello,Martin Solveig,big room,2010,128,98,67,-3,10,45,191,1,3,0
51,52,A Thousand Years,Christina Perri,dance pop,2011,139,41,42,-7,11,16,285,31,3,81
52,53,Someone Like You,Adele,british soul,2011,135,33,56,-8,10,28,285,89,3,80
53,54,Give Me Everything,Pitbull,dance pop,2011,129,94,67,-3,30,53,252,19,16,79
54,55,Just the Way You Are,Bruno Mars,pop,2011,109,84,64,-5,9,43,221,2,4,78
55,56,Rolling in the Deep,Adele,british soul,2011,105,76,73,-5,5,52,228,13,3,76
56,57,Run the World (Girls),Beyoncé,dance pop,2011,127,90,73,-4,37,76,236,0,14,76
57,58,Moves Like Jagger - Studio Recording From The Voice Performance,Maroon 5,pop,2011,128,76,72,-4,32,62,201,1,5,76
58,59,Love On Top,Beyoncé,dance pop,2011,94,75,65,-5,60,65,267,8,9,76
59,60,Grenade,Bruno Mars,pop,2011,110,56,71,-7,12,23,223,15,6,75
60,61,Tonight Tonight,Hot Chelle Rae,dance pop,2011,100,78,69,-5,16,81,200,8,12,75
61,62,What the Hell,Avril Lavigne,canadian pop,2011,150,93,58,-4,14,88,221,0,5,74
62,63,Born This Way,Lady Gaga,dance pop,2011,124,83,59,-5,33,49,260,0,16,73
63,64,Monster,Kanye West,chicago rap,2011,125,69,63,-6,67,10,379,0,20,73
64,65,Marry You,Bruno Mars,pop,2011,145,83,62,-5,10,48,230,33,4,73
65,66,Best Thing I Never Had,Beyoncé,dance pop,2011,99,65,55,-4,9,30,254,14,3,73
66,67,Party Rock Anthem,LMFAO,dance pop,2011,130,74,75,-4,27,35,262,2,16,72
67,68,We R Who We R,Kesha,dance pop,2011,120,82,74,-5,12,65,205,1,4,72
68,69,Price Tag,Jessie J,australian pop,2011,175,83,64,-4,27,68,223,3,18,72
69,70,Good Life,OneRepublic,dance pop,2011,95,69,63,-8,13,65,253,8,5,72
70,71,Just Cant Get Enough,The Black Eyed Peas,dance pop,2011,94,63,66,-9,11,26,219,19,18,71
71,72,On The Floor,Jennifer Lopez,dance pop,2011,130,78,73,-5,7,57,285,11,5,69
72,73,What's My Name?,Rihanna,barbadian pop,2011,100,79,69,-3,8,58,263,23,7,69
73,74,Yeah 3x,Chris Brown,dance pop,2011,130,88,71,-3,9,70,242,0,4,69
74,75,Without You (feat. Usher),David Guetta,dance pop,2011,128,61,61,-4,16,40,208,23,3,68
75,76,Sexy And I Know It,LMFAO,dance pop,2011,130,86,71,-4,19,80,199,10,32,67
76,77,The Edge Of Glory,Lady Gaga,dance pop,2011,128,77,58,-6,11,36,321,0,4,67
77,78,E.T.,Katy Perry,dance pop,2011,152,87,62,-5,37,76,230,2,18,66
78,79,Till the World Ends,Britney Spears,dance pop,2011,132,71,69,-6,20,45,238,2,7,65
79,80,I Wanna Go,Britney Spears,dance pop,2011,130,55,70,-7,33,79,210,0,4,64
80,81,Blow,Kesha,dance pop,2011,120,73,75,-4,7,81,220,0,4,64
81,82,You And I,Lady Gaga,dance pop,2011,127,70,52,-5,9,52,307,9,5,64
82,83,Judas,Lady Gaga,dance pop,2011,131,93,66,-4,27,53,249,0,7,63
83,84,Tonight (I'm Fuckin' You),Enrique Iglesias,dance pop,2011,126,89,65,-4,12,32,232,3,5,63
84,85,Please Don't Go,Mike Posner,dance pop,2011,120,88,70,-4,13,66,197,0,3,63
85,86,We Found Love,Rihanna,barbadian pop,2011,128,77,73,-4,11,60,215,3,4,61
86,87,Marry The Night,Lady Gaga,dance pop,2011,131,88,61,-4,46,38,265,0,6,61
87,88,1+1,Beyoncé,dance pop,2011,63,38,30,-7,7,26,274,38,3,60
88,89,Hold It Against Me,Britney Spears,dance pop,2011,133,72,65,-5,24,39,229,1,4,59
89,90,I'm Into You,Jennifer Lopez,dance pop,2011,84,75,59,-4,8,70,200,2,14,59
90,91,Papi,Jennifer Lopez,dance pop,2011,120,81,71,-5,37,89,223,13,6,58
91,92,Cheers (Drink To That),Rihanna,barbadian pop,2011,80,91,58,-4,29,73,262,2,4,58
92,93,S&M Remix,Rihanna,barbadian pop,2011,128,81,82,-3,5,89,257,5,5,54
93,94,Written in the Stars (feat. Eric Turner),Tinie Tempah,dance pop,2011,91,95,64,-4,18,57,220,6,7,52
94,95,Jar of Hearts,Christina Perri,dance pop,2011,75,35,35,-6,12,9,247,73,3,50
95,96,Castle Walls (feat. Christina Aguilera),T.I.,atl hip hop,2011,80,86,45,-5,26,58,329,7,39,49
96,97,Turning Page,Sleeping At Last,acoustic pop,2011,125,38,30,-8,11,19,255,91,3,46
97,98,Super Bass,Nicki Minaj,dance pop,2011,127,74,77,-7,40,59,201,6,23,38
98,99,Raise Your Glass,P!nk,dance pop,2011,122,64,68,-7,12,56,208,0,12,38
99,100,Invading My Mind,Jennifer Lopez,dance pop,2011,129,88,73,-4,32,69,201,2,7,31
100,101,Moment 4 Life - Album Version (Edited),Nicki Minaj,dance pop,2011,130,88,50,-4,22,37,279,39,38,28
101,102,Last Friday Night (T.G.I.F.),Katy Perry,dance pop,2011,126,81,65,-4,67,72,231,0,4,27
102,103,Firework,Katy Perry,dance pop,2011,124,83,64,-5,11,65,228,14,5,25
103,104,Muny - Album Version (Edited),Nicki Minaj,dance pop,2011,98,72,80,-5,19,53,227,56,33,7
104,105,Titanium (feat. Sia),David Guetta,dance pop,2012,126,79,60,-4,13,30,245,7,10,80
105,106,Locked Out of Heaven,Bruno Mars,pop,2012,144,70,73,-4,31,87,233,5,4,79
106,107,Paradise,Coldplay,permanent wave,2012,140,59,45,-7,8,20,279,5,3,79
107,108,Payphone,Maroon 5,pop,2012,110,75,74,-5,29,55,231,2,4,79
108,109,What Makes You Beautiful,One Direction,boy band,2012,125,79,73,-2,6,89,200,1,7,78
109,110,I Knew You Were Trouble.,Taylor Swift,pop,2012,77,47,62,-7,3,68,220,0,4,77
110,111,Call Me Maybe,Carly Rae Jepsen,canadian pop,2012,120,58,78,-7,11,66,193,1,4,76
111,112,Love You Like A Love Song,Selena Gomez & The Scene,dance pop,2012,117,68,86,-4,7,92,188,8,5,76
112,113,Set Fire to the Rain,Adele,british soul,2012,108,68,61,-4,13,47,242,0,3,76
113,114,We Are Never Ever Getting Back Together,Taylor Swift,pop,2012,86,68,63,-6,12,75,193,1,9,75
114,115,Stronger (What Doesn't Kill You),Kelly Clarkson,dance pop,2012,116,94,56,-4,11,68,222,5,5,74
115,116,Try,P!nk,dance pop,2012,104,63,67,-7,9,55,248,0,3,74
116,117,Starships,Nicki Minaj,dance pop,2012,125,72,75,-2,25,75,211,14,8,73
117,118,One More Night,Maroon 5,pop,2012,93,82,72,-3,8,62,220,6,3,73
118,119,Good Time,Owl City,pop,2012,126,87,56,-4,37,68,206,2,14,73
119,120,Glad You Came,The Wanted,boy band,2012,127,85,72,-4,11,45,198,3,6,72
120,121,Beauty And A Beat,Justin Bieber,canadian pop,2012,128,84,60,-5,7,53,228,0,6,72
121,122,International Love,Pitbull,dance pop,2012,120,86,67,-3,34,65,227,1,5,72
122,123,Some Nights,fun.,baroque pop,2012,108,74,67,-7,9,39,277,2,5,72
123,124,Boyfriend,Justin Bieber,canadian pop,2012,97,55,72,-6,13,33,171,4,5,71
124,125,Part Of Me,Katy Perry,dance pop,2012,130,92,68,-5,7,77,216,0,4,71
125,126,Domino,Jessie J,australian pop,2012,127,55,76,-5,4,78,232,1,3,69
126,127,Where Have You Been,Rihanna,barbadian pop,2012,128,85,72,-6,22,44,243,0,9,68
127,128,Wide Awake,Katy Perry,dance pop,2012,160,68,51,-5,39,57,221,7,4,68
128,129,The One That Got Away,Katy Perry,dance pop,2012,134,80,69,-4,16,88,227,0,4,67
129,130,Dance Again,Jennifer Lopez,dance pop,2012,128,86,79,-5,10,71,237,2,7,66
130,131,Turn Up the Music,Chris Brown,dance pop,2012,130,84,59,-6,16,64,228,0,10,65
131,132,Lights - Single Version,Ellie Goulding,dance pop,2012,120,80,68,-6,13,78,211,3,4,65
132,133,We Are Young (feat. Janelle Monáe),fun.,baroque pop,2012,184,64,38,-6,8,74,251,2,8,63
133,134,Diamonds,Rihanna,barbadian pop,2012,92,71,56,-5,11,39,225,0,5,61
134,135,Don't Stop the Party (feat. TJR),Pitbull,dance pop,2012,127,96,72,-4,38,95,206,1,9,59
135,136,You Da One,Rihanna,barbadian pop,2012,127,72,70,-5,13,86,200,50,4,57
136,137,Stereo Hearts (feat. Adam Levine),Gym Class Heroes,dance pop,2012,90,80,65,-3,27,80,211,3,10,54
137,138,It Will Rain,Bruno Mars,pop,2012,150,84,58,-7,8,48,258,34,5,38
138,139,Blow Me (One Last Kiss),P!nk,dance pop,2012,114,92,60,-3,25,75,256,0,4,0
139,140,Underneath the Tree,Kelly Clarkson,dance pop,2013,160,81,51,-5,21,69,230,0,5,88
140,141,Wake Me Up,Avicii,big room,2013,124,78,53,-6,16,64,247,0,5,85
141,142,Story of My Life,One Direction,boy band,2013,121,66,60,-6,12,29,245,23,5,81
142,143,Just Give Me a Reason (feat. Nate Ruess),P!nk,dance pop,2013,95,55,78,-7,13,44,243,35,5,81
143,144,Hall of Fame,The Script,celtic rock,2013,85,87,42,-4,12,63,203,7,6,80
144,145,Roar,Katy Perry,dance pop,2013,180,77,55,-5,35,46,224,0,4,78
145,146,We Can't Stop,Miley Cyrus,dance pop,2013,80,62,61,-6,37,48,231,1,3,78
146,147,Don't You Worry Child - Radio Edit,Swedish House Mafia,big room,2013,129,84,61,-3,12,44,213,11,5,78
147,148,Get Lucky (feat. Pharrell Williams & Nile Rodgers) - Radio Edit,Daft Punk,electro,2013,116,81,79,-9,10,86,248,4,4,77
148,149,Wrecking Ball,Miley Cyrus,dance pop,2013,120,42,53,-6,11,35,221,41,3,77
149,150,Impossible,James Arthur,pop,2013,170,70,38,-5,11,30,209,14,9,77
150,151,Blurred Lines,Robin Thicke,dance pop,2013,120,60,85,-5,8,84,264,0,4,76
151,152,Heart Attack,Demi Lovato,dance pop,2013,174,79,50,-5,24,50,211,7,10,76
152,153,We Are Never Ever Getting Back Together,Taylor Swift,pop,2013,86,68,63,-6,12,75,193,1,9,75
153,154,Die Young,Kesha,dance pop,2013,128,70,71,-5,22,80,212,0,5,75
154,155,Clarity,Zedd,complextro,2013,128,78,51,-3,7,18,271,4,7,75
155,156,Summertime Sadness (Lana Del Rey Vs. Cedric Gervais) - Cedric Gervais Remix,Lana Del Rey,art pop,2013,126,81,57,-6,13,11,215,2,6,74
156,157,Under Control,Calvin Harris,dance pop,2013,126,92,54,-3,12,51,184,13,8,74
157,158,Everybody Talks,Neon Trees,indie pop,2013,155,92,47,-4,31,73,177,0,6,74
158,159,"Hold On, We're Going Home",Drake,canadian hip hop,2013,100,41,77,-7,7,29,228,0,10,73
159,160,Best Song Ever,One Direction,boy band,2013,118,88,65,-3,8,49,200,2,5,73
160,161,Kiss You,One Direction,boy band,2013,90,93,63,-3,32,91,183,2,6,73
161,162,Sweet Nothing (feat. Florence Welch),Calvin Harris,dance pop,2013,128,93,57,-4,6,58,213,20,11,72
162,163,Lose Yourself to Dance,Daft Punk,electro,2013,100,66,83,-8,8,67,354,8,6,72
163,164,Work Bitch,Britney Spears,dance pop,2013,128,82,63,-7,7,85,248,16,16,71
164,165,Brave,Sara Bareilles,acoustic pop,2013,185,84,55,-4,4,76,221,1,5,71
165,166,Can't Hold Us (feat. Ray Dalton),Macklemore & Ryan Lewis,dance pop,2013,146,93,63,-4,10,88,258,3,8,70
166,167,Feel This Moment (feat. Christina Aguilera),Pitbull,dance pop,2013,136,76,67,-4,34,54,230,4,16,70
167,168,Beneath Your Beautiful,Labrinth,pop,2013,84,52,56,-6,10,23,272,23,4,70
168,169,Let Me Love You (Until You Learn To Love Yourself),Ne-Yo,dance pop,2013,125,68,66,-7,37,25,252,25,4,70
169,170,Thrift Shop (feat. Wanz),Macklemore & Ryan Lewis,dance pop,2013,95,53,78,-7,5,66,236,6,29,69
170,171,If I Lose Myself - Alesso vs OneRepublic,OneRepublic,dance pop,2013,126,75,52,-6,14,16,215,26,4,69
171,172,The Way,Ariana Grande,dance pop,2013,82,88,65,-3,8,86,227,29,11,68
172,173,Suit & Tie,Justin Timberlake,dance pop,2013,102,60,80,-4,16,36,326,10,22,68
173,174,#thatPOWER,will.i.am,dance pop,2013,128,61,80,-6,7,40,280,0,6,68
174,175,I Love It (feat. Charli XCX),Icona Pop,candy pop,2013,126,91,71,-3,15,82,157,1,3,67
175,176,Play Hard (feat. Ne-Yo & Akon) - New Edit,David Guetta,dance pop,2013,130,87,72,-3,66,68,209,4,4,67
176,177,Daylight,Maroon 5,pop,2013,120,67,66,-5,26,37,225,0,3,66
177,178,Love Somebody,Maroon 5,pop,2013,120,78,68,-6,12,40,230,13,4,65
178,179,A Little Party Never Killed Nobody (All We Got),Fergie,dance pop,2013,130,62,76,-6,9,52,241,1,18,65
179,180,Move,Little Mix,dance pop,2013,121,74,85,-5,55,77,224,0,9,63
180,181,Walks Like Rihanna,The Wanted,boy band,2013,126,82,56,-3,10,43,202,1,6,62
181,182,Rock N Roll,Avril Lavigne,canadian pop,2013,184,96,47,-3,34,67,207,1,13,61
182,183,Heartbreaker,Justin Bieber,canadian pop,2013,105,52,56,-7,34,58,263,14,10,61
183,184,Mirrors - Radio Edit,Justin Timberlake,dance pop,2013,77,60,58,-6,43,65,277,14,5,60
184,185,Next To Me,Emeli Sandé,dance pop,2013,95,80,67,-5,11,35,197,9,4,60
185,186,Made In The USA,Demi Lovato,dance pop,2013,87,86,58,-4,32,59,196,0,4,60
186,187,Clown,Emeli Sandé,dance pop,2013,130,23,45,-8,11,23,221,92,4,60
187,188,Girl On Fire (feat. Nicki Minaj) - Inferno Version,Alicia Keys,hip pop,2013,93,81,55,-6,15,34,271,9,31,59
188,189,TKO,Justin Timberlake,dance pop,2013,138,68,61,-7,43,49,424,1,24,58
189,190,Come & Get It,Selena Gomez,dance pop,2013,80,79,55,-4,10,58,232,1,5,57
190,191,Live It Up,Jennifer Lopez,dance pop,2013,128,73,69,-5,33,65,244,1,17,57
191,192,We Own The Night,The Wanted,boy band,2013,104,94,55,-4,23,56,206,1,13,56
192,193,Atlas - From The Hunger Games: Catching Fire Soundtrack,Coldplay,permanent wave,2013,136,45,28,-8,11,11,236,63,3,55
193,194,What About Love,Austin Mahone,dance pop,2013,100,78,63,-7,4,28,203,0,4,54
194,195,Take Back the Night,Justin Timberlake,dance pop,2013,107,66,59,-5,64,33,353,4,16,54
195,196,Applause,Lady Gaga,dance pop,2013,140,78,67,-4,11,73,212,3,5,52
196,197,Anything Could Happen,Ellie Goulding,dance pop,2013,103,78,70,-4,14,38,286,43,3,52
197,198,Finally Found You,Enrique Iglesias,dance pop,2013,128,88,62,-5,35,66,221,1,10,52
198,199,Pom Poms,Jonas Brothers,boy band,2013,148,98,68,-2,28,90,198,7,9,52
199,200,#Beautiful,Mariah Carey,dance pop,2013,107,76,68,-5,31,45,200,29,4,51
200,201,How Ya Doin'? (feat. Missy Elliott),Little Mix,dance pop,2013,201,95,36,-3,37,51,211,9,48,50
201,202,Crazy Kids (feat. will.i.am),Kesha,dance pop,2013,128,75,72,-4,13,50,229,4,4,46
202,203,"Ooh La La (from ""The Smurfs 2"")",Britney Spears,dance pop,2013,128,57,69,-5,11,73,257,2,5,45
203,204,People Like Us,Kelly Clarkson,dance pop,2013,128,79,60,-5,36,61,259,4,4,45
204,205,Overdose,Ciara,dance pop,2013,107,70,77,-6,6,79,227,1,3,43
205,206,Right Now - Dyro Radio Edit,Rihanna,barbadian pop,2013,130,74,53,-6,24,45,186,0,4,42
206,207,Give It 2 U,Robin Thicke,dance pop,2013,127,83,67,-4,16,58,230,10,7,41
207,208,Foolish Games,Jewel,alaska indie,2013,132,34,51,-11,12,7,250,23,3,36
208,209,Outta Nowhere (feat. Danny Mercer),Pitbull,dance pop,2013,95,84,71,-4,21,66,207,16,3,35
209,210,Freak,Kelly Rowland,atl hip hop,2013,104,78,65,-5,12,45,274,13,6,28
210,211,All of Me,John Legend,neo mellow,2014,120,26,42,-7,13,33,270,92,3,86
211,212,Stay With Me,Sam Smith,pop,2014,84,42,42,-6,11,18,173,59,4,85
212,213,Summer,Calvin Harris,dance pop,2014,128,86,60,-4,14,74,223,2,3,80
213,214,"Happy - From ""Despicable Me 2""",Pharrell Williams,dance pop,2014,160,82,65,-5,9,96,233,22,18,79
214,215,Rude,MAGIC!,pop,2014,144,76,77,-5,31,93,225,4,4,79
215,216,Shake It Off,Taylor Swift,pop,2014,160,80,65,-5,33,94,219,6,17,78
216,217,Dark Horse,Katy Perry,dance pop,2014,132,59,65,-6,17,35,216,0,5,78
217,218,Hey Brother,Avicii,big room,2014,125,78,55,-5,8,46,255,3,4,78
218,219,Maps,Maroon 5,pop,2014,120,71,74,-6,6,88,190,2,3,78
219,220,Treasure,Bruno Mars,pop,2014,116,69,87,-5,32,94,179,4,4,77
220,221,Let Her Go,Passenger,folk-pop,2014,75,54,51,-7,10,24,253,39,6,77
221,222,Problem,Ariana Grande,dance pop,2014,103,81,66,-5,16,63,194,2,15,75
222,223,Pompeii,Bastille,metropopolis,2014,127,72,68,-6,27,57,214,8,4,73
223,224,Team,Lorde,art pop,2014,100,58,69,-7,31,42,193,17,9,73
224,225,Love Me Again,John Newman,pop,2014,126,89,50,-5,10,21,240,0,4,73
225,226,Latch,Disclosure,house,2014,122,73,50,-5,9,52,256,2,17,72
226,227,Adore You,Miley Cyrus,dance pop,2014,120,66,58,-5,11,20,279,11,3,72
227,228,Love Never Felt So Good,Michael Jackson,pop,2014,118,72,78,-6,7,71,246,13,4,71
228,229,Burn,Ellie Goulding,dance pop,2014,87,78,56,-5,11,33,231,31,4,71
229,230,She Looks So Perfect,5 Seconds of Summer,boy band,2014,160,95,49,-4,33,44,202,0,13,71
230,231,Fancy,Iggy Azalea,australian hip hop,2014,95,72,91,-4,5,38,200,9,7,70
231,232,Talk Dirty (feat. 2 Chainz),Jason Derulo,dance pop,2014,100,65,76,-7,31,76,178,3,23,68
232,233,Gorilla,Bruno Mars,pop,2014,140,54,72,-7,10,64,244,45,4,68
233,234,human,Christina Perri,dance pop,2014,144,49,44,-6,11,25,251,13,4,68
234,235,Young Girls,Bruno Mars,pop,2014,126,75,56,-5,21,50,229,46,3,67
235,236,Wiggle (feat. Snoop Dogg),Jason Derulo,dance pop,2014,82,62,70,-7,16,72,193,8,25,67
236,237,Love Runs Out,OneRepublic,dance pop,2014,120,93,72,-4,8,74,225,17,6,66
237,238,This Is How We Do,Katy Perry,dance pop,2014,96,64,69,-6,15,80,204,2,5,66
238,239,Mmm Yeah (feat. Pitbull),Austin Mahone,dance pop,2014,126,92,71,-4,27,98,232,0,4,65
239,240,A Little Party Never Killed Nobody (All We Got),Fergie,dance pop,2014,130,62,76,-6,9,52,241,1,18,65
240,241,#SELFIE,The Chainsmokers,electropop,2014,128,92,79,-3,8,66,184,1,25,65
241,242,Partition,Beyoncé,dance pop,2014,186,44,41,-12,31,17,319,3,29,65
242,243,Birthday,Katy Perry,dance pop,2014,126,67,72,-5,11,84,215,9,7,65
243,244,G.U.Y.,Lady Gaga,dance pop,2014,110,92,62,-3,12,57,233,1,4,65
244,245,Stay The Night - Featuring Hayley Williams Of Paramore,Zedd,complextro,2014,128,74,60,-3,9,46,217,11,4,64
245,246,"Let It Go - From ""Frozen / Single Version",Demi Lovato,dance pop,2014,140,66,50,-6,27,25,226,3,4,63
246,247,Wings,Birdy,neo mellow,2014,83,71,47,-5,16,22,252,8,3,62
247,248,Can't Remember to Forget You (feat. Rihanna),Shakira,colombian pop,2014,138,81,69,-4,14,82,207,12,7,62
248,249,Shot Me Down (feat. Skylar Grey) - Radio Edit,David Guetta,dance pop,2014,192,77,35,-4,12,4,191,6,5,61
249,250,Say Something,A Great Big World,neo mellow,2014,138,15,45,-9,9,9,229,87,3,61
250,251,A Sky Full of Stars,Coldplay,permanent wave,2014,125,68,55,-6,21,16,268,1,3,60
251,252,Come Get It Bae,Pharrell Williams,dance pop,2014,120,80,93,-6,10,90,202,27,8,59
252,253,Chandelier,Sia,australian dance,2014,174,78,29,-3,7,62,216,2,7,56
253,254,XO,Beyoncé,dance pop,2014,170,79,47,-9,31,21,216,17,26,56
254,255,We Are One (Ole Ola) [The Official 2014 FIFA World Cup Song],Pitbull,dance pop,2014,125,94,60,-4,10,55,222,0,7,56
255,256,Not About Angels,Birdy,neo mellow,2014,116,14,41,-10,9,23,190,97,4,56
256,257,Drunk in Love,Beyoncé,dance pop,2014,140,62,59,-7,18,40,323,1,5,52
257,258,Anaconda,Nicki Minaj,dance pop,2014,130,60,96,-6,21,65,260,7,18,50
258,259,Boom Clap - From the Motion Picture Das Schicksal ist ein mieser Verräter,Charli XCX,candy pop,2014,92,81,68,-4,34,64,169,7,6,50
259,260,La La La (Brasil 2014) (feat. Carlinhos Brown),Shakira,colombian pop,2014,128,82,80,-5,35,61,198,18,4,50
260,261,Tee Shirt - Soundtrack Version,Birdy,neo mellow,2014,76,34,68,-9,9,56,160,84,3,49
261,262,Words as Weapons,Birdy,neo mellow,2014,120,35,53,-9,14,19,239,28,3,44
262,263,You're Mine (Eternal),Mariah Carey,dance pop,2014,149,58,63,-7,38,56,224,28,7,38
263,264,Sheezus,Lily Allen,dance pop,2014,130,50,78,-7,11,39,235,15,4,37
264,265,Cannonball,Lea Michele,hollywood,2014,92,82,56,-3,19,57,215,2,5,37
265,266,It's On Again - Main Soundtrack,Alicia Keys,hip pop,2014,110,54,64,-9,25,53,230,10,11,30
266,267,I Luh Ya Papi,Jennifer Lopez,dance pop,2014,96,73,74,-6,12,59,207,45,42,28
267,268,Not a Bad Thing,Justin Timberlake,dance pop,2014,86,73,59,-6,38,46,266,27,6,0
268,269,Thinking out Loud,Ed Sheeran,pop,2015,79,45,78,-6,18,59,282,47,3,84
269,270,I'm Not The Only One,Sam Smith,pop,2015,82,49,68,-6,8,49,239,53,4,84
270,271,The Hills,The Weeknd,canadian contemporary r&b,2015,113,56,58,-7,14,14,242,7,5,84
271,272,Love Yourself,Justin Bieber,canadian pop,2015,100,38,61,-10,28,52,234,84,44,83
272,273,Uptown Funk,Mark Ronson,dance pop,2015,115,61,86,-7,3,93,270,1,8,82
273,274,Take Me To Church,Hozier,irish singer-songwriter,2015,129,66,57,-5,12,44,242,63,5,81
274,275,Sugar,Maroon 5,pop,2015,120,79,75,-7,9,88,235,6,3,81
275,276,Sorry,Justin Bieber,canadian pop,2015,100,76,65,-4,30,41,201,8,5,81
276,277,FourFiveSeconds,Rihanna,barbadian pop,2015,206,27,58,-6,13,35,188,88,5,80
277,278,"Love Me Like You Do - From ""Fifty Shades Of Grey""",Ellie Goulding,dance pop,2015,190,61,26,-7,13,28,253,25,5,79
278,279,"Earned It (Fifty Shades Of Grey) - From The ""Fifty Shades Of Grey"" Soundtrack",The Weeknd,canadian contemporary r&b,2015,120,38,66,-6,10,44,252,39,3,79
279,280,What Do You Mean?,Justin Bieber,canadian pop,2015,125,57,85,-8,8,79,206,59,10,79
280,281,Stitches,Shawn Mendes,canadian pop,2015,150,75,75,-7,5,76,207,2,7,78
281,282,Want to Want Me,Jason Derulo,dance pop,2015,114,68,78,-6,11,66,208,1,6,77
282,283,My House,Flo Rida,dance pop,2015,94,70,69,-5,13,74,192,2,5,77
283,284,Waves - Robin Schulz Radio Edit,Mr. Probz,tropical house,2015,120,51,83,-9,8,45,208,1,4,77
284,285,Night Changes,One Direction,boy band,2015,120,52,67,-8,12,37,227,86,4,77
285,286,How Deep Is Your Love,Calvin Harris,dance pop,2015,122,87,74,-4,39,34,213,4,7,77
286,287,Never Forget You,Zara Larsson,dance pop,2015,146,73,58,-6,27,28,213,0,5,77
287,288,Love Me Harder,Ariana Grande,dance pop,2015,99,71,47,-4,8,24,236,1,3,76
288,289,Animals,Maroon 5,pop,2015,190,74,28,-6,59,33,231,0,9,76
289,290,Blame,Calvin Harris,dance pop,2015,128,86,41,-4,34,35,213,3,8,76
290,291,Worth It,Fifth Harmony,dance pop,2015,100,77,88,-4,12,59,225,6,9,75
291,292,Break Free,Ariana Grande,dance pop,2015,130,70,69,-5,20,28,215,1,5,75
292,293,Don't,Ed Sheeran,pop,2015,95,61,81,-7,64,85,220,1,7,74
293,294,Elastic Heart,Sia,australian dance,2015,130,79,42,-5,15,50,257,1,5,73
294,295,Rather Be (feat. Jess Glynne),Clean Bandit,dance pop,2015,121,59,80,-7,19,55,228,16,4,73
295,296,Hello,Adele,british soul,2015,158,45,48,-6,9,29,295,34,3,73
296,297,Dear Future Husband,Meghan Trainor,dance pop,2015,79,78,66,-5,32,83,184,38,19,72
297,298,43776,Beyoncé,dance pop,2015,136,71,75,-5,13,56,214,1,13,72
298,299,The Heart Wants What It Wants,Selena Gomez,dance pop,2015,83,79,62,-5,14,62,227,5,4,72
299,300,"Hey Mama (feat. Nicki Minaj, Bebe Rexha & Afrojack)",David Guetta,dance pop,2015,86,73,60,-4,33,53,193,24,15,72
300,301,Genie In a Bottle,Christina Aguilera,dance pop,2015,176,80,63,-7,14,91,218,21,16,72
301,302,Company,Justin Bieber,canadian pop,2015,95,80,59,-5,8,43,208,13,6,72
302,303,Sing,Ed Sheeran,pop,2015,120,67,82,-4,6,94,235,30,5,71
303,304,Jealous - Remix,Nick Jonas,dance pop,2015,93,71,68,-4,44,45,222,1,8,70
304,305,Really Don't Care,Demi Lovato,dance pop,2015,121,73,71,-4,19,85,202,12,9,70
305,306,"Downtown (feat. Melle Mel, Grandmaster Caz, Kool Moe Dee & Eric Nally)",Macklemore & Ryan Lewis,dance pop,2015,110,61,83,-4,29,71,293,9,7,70
306,307,Only Love Can Hurt Like This,Paloma Faith,british soul,2015,91,89,57,-5,33,31,233,10,8,69
307,308,Heartbeat Song,Kelly Clarkson,dance pop,2015,149,80,49,-4,6,48,199,1,5,69
308,309,Up,Olly Murs,dance pop,2015,115,85,69,-5,10,64,224,2,3,69
309,310,Trumpets,Jason Derulo,dance pop,2015,82,70,63,-5,10,64,217,56,24,69
310,311,Runnin' (Lose It All),Naughty Boy,tropical house,2015,139,85,32,-6,48,8,213,1,8,69
311,312,Same Old Love,Selena Gomez,dance pop,2015,98,59,67,-4,21,44,229,2,3,69
312,313,I Want You To Know,Zedd,complextro,2015,130,85,58,-3,14,37,240,1,6,68
313,314,Lips Are Movin,Meghan Trainor,dance pop,2015,139,83,78,-5,11,95,183,5,5,68
314,315,I'll Show You,Justin Bieber,canadian pop,2015,192,61,36,-7,18,8,200,5,10,68
315,316,Here,Alessia Cara,canadian contemporary r&b,2015,120,82,38,-4,8,33,199,8,10,68
316,317,I Lived,OneRepublic,dance pop,2015,120,85,59,-5,27,34,235,7,4,67
317,318,Fireball (feat. John Ryan),Pitbull,dance pop,2015,123,94,69,-5,5,79,235,9,6,67
318,319,Easy Love,Sigala,dance pop,2015,124,94,68,-4,12,65,230,18,6,67
319,320,The Feeling,Justin Bieber,canadian pop,2015,127,81,53,-6,10,21,245,8,6,67
320,321,I Really Like You,Carly Rae Jepsen,canadian pop,2015,122,81,62,-5,22,60,205,1,4,66
321,322,BO$$,Fifth Harmony,dance pop,2015,103,87,81,-5,5,74,171,1,11,66
322,323,Sugar,Maroon 5,pop,2015,120,79,75,-7,9,88,235,6,3,66
323,324,Focus,Ariana Grande,dance pop,2015,100,88,67,-6,44,79,211,27,24,66
324,325,All About That Bass,Meghan Trainor,dance pop,2015,134,88,81,-4,11,96,189,5,5,65
325,326,On My Mind,Ellie Goulding,dance pop,2015,155,71,70,-7,9,74,213,26,5,65
326,327,Love Me Like You,Little Mix,dance pop,2015,106,67,79,-4,28,85,198,21,4,65
327,328,Broken Arrows,Avicii,big room,2015,116,67,63,-7,10,29,233,5,5,65
328,329,Booty,Jennifer Lopez,dance pop,2015,129,95,71,-4,26,40,210,0,5,64
329,330,What Do You Mean? - Acoustic,Justin Bieber,canadian pop,2015,125,36,77,-11,10,76,204,79,4,64
330,331,Mark My Words,Justin Bieber,canadian pop,2015,114,26,38,-9,17,52,134,88,3,63
331,332,Lay It All on Me,Rudimental,dance pop,2015,123,75,67,-7,19,48,242,14,4,62
332,333,American Oxygen,Rihanna,barbadian pop,2015,78,75,39,-6,33,48,320,5,9,61
333,334,Bang Bang,Jessie J,australian pop,2015,150,75,71,-4,38,73,199,27,9,61
334,335,Reality - Radio Edit,Lost Frequencies,belgian edm,2015,122,70,71,-8,7,60,159,2,3,61
335,336,Alive,Sia,australian dance,2015,100,76,51,-4,11,44,264,25,5,61
336,337,Sugar (feat. Francesco Yates),Robin Schulz,dance pop,2015,123,82,64,-5,16,64,219,2,6,60
337,338,Been You,Justin Bieber,canadian pop,2015,113,78,74,-6,32,86,199,2,7,60
338,339,Prayer in C - Robin Schulz Radio Edit,Lilly Wood and The Prick,french indie pop,2015,123,89,76,-5,62,78,189,2,3,58
339,340,See You Again (feat. Charlie Puth),Wiz Khalifa,hip hop,2015,80,48,69,-8,6,28,230,37,8,56
340,341,Heroes (we could be),Alesso,big room,2015,126,75,52,-4,24,35,210,4,6,56
341,342,"Feel The Light - From The ""Home"" Soundtrack",Jennifer Lopez,dance pop,2015,156,60,47,-6,9,4,292,33,5,55
342,343,Perfect,One Direction,boy band,2015,100,82,65,-5,12,40,230,6,8,55
343,344,Ghosttown,Madonna,dance pop,2015,79,55,54,-7,12,9,250,4,4,54
344,345,Bang My Head (feat. Sia & Fetty Wap),David Guetta,dance pop,2015,108,87,60,-4,10,59,193,5,8,54
345,346,Bloodstream,Ed Sheeran,pop,2015,89,59,48,-6,6,27,309,20,5,52
346,347,Living For Love,Madonna,dance pop,2015,123,79,67,-5,25,39,219,4,9,52
347,348,Baby Don't Lie,Gwen Stefani,dance pop,2015,100,55,69,-5,10,26,203,1,3,52
348,349,Don't Be so Hard on Yourself,Jess Glynne,dance pop,2015,120,82,57,-3,16,66,211,6,3,52
349,350,Steal My Girl,One Direction,boy band,2015,77,76,47,-6,14,52,227,0,4,51
350,351,"Celebrate (From the Original Motion Picture ""Penguins of Madagascar"")",Pitbull,dance pop,2015,127,85,68,-3,6,93,193,1,6,50
351,352,We Are Here,Alicia Keys,hip pop,2015,93,67,64,-6,8,8,285,43,4,49
352,353,St Jude,Florence + The Machine,art pop,2015,117,43,26,-11,11,9,225,75,3,47
353,354,Yesterday (feat. Bebe Rexha),David Guetta,dance pop,2015,128,78,57,-4,33,28,243,2,3,46
354,355,Time of Our Lives,Pitbull,dance pop,2015,124,80,72,-6,69,72,229,9,6,45
355,356,Sparks,Hilary Duff,dance pop,2015,122,88,85,-5,10,79,186,4,6,44
356,357,Mr. Put It Down,Ricky Martin,dance pop,2015,128,78,80,-6,4,83,196,1,18,42
357,358,Legendary Lovers,Katy Perry,dance pop,2015,126,84,62,-5,8,39,224,2,8,41
358,359,Spark The Fire,Gwen Stefani,dance pop,2015,120,80,88,-4,20,54,202,8,6,39
359,360,Run Run Run,Kelly Clarkson,dance pop,2015,112,37,28,-7,11,8,273,45,4,36
360,361,Let Me Be Your Lover,Enrique Iglesias,dance pop,2015,112,90,72,-4,6,88,238,1,13,34
361,362,Dangerous,Jennifer Hudson,dance pop,2015,109,53,90,-5,8,65,255,0,5,18
362,363,L.A.LOVE (la la),Fergie,dance pop,2015,202,39,48,-8,26,27,193,2,9,0
363,364,The Hills,The Weeknd,canadian contemporary r&b,2016,113,56,58,-7,14,14,242,7,5,84
364,365,Love Yourself,Justin Bieber,canadian pop,2016,100,38,61,-10,28,52,234,84,44,83
365,366,Cake By The Ocean,DNCE,dance pop,2016,119,75,77,-5,4,90,219,15,5,81
366,367,Don't Let Me Down,The Chainsmokers,electropop,2016,160,87,53,-5,14,42,208,16,17,81
367,368,In the Name of Love,Martin Garrix,big room,2016,134,52,50,-6,45,17,196,11,4,81
368,369,Into You,Ariana Grande,dance pop,2016,108,73,62,-6,14,37,244,2,11,80
369,370,This Is What You Came For,Calvin Harris,dance pop,2016,124,93,63,-3,15,47,222,20,3,80
370,371,Million Reasons,Lady Gaga,dance pop,2016,130,42,67,-8,11,15,205,49,4,80
371,372,Needed Me,Rihanna,barbadian pop,2016,111,31,67,-8,8,30,192,11,24,80
372,373,7 Years,Lukas Graham,danish pop,2016,120,47,77,-6,39,34,237,29,5,80
373,374,"CAN'T STOP THE FEELING! (Original Song from DreamWorks Animation's ""TROLLS"")",Justin Timberlake,dance pop,2016,113,83,67,-6,19,70,236,1,7,79
374,375,Work from Home (feat. Ty Dolla $ign),Fifth Harmony,dance pop,2016,105,59,80,-6,6,59,214,10,4,79
375,376,Scars To Your Beautiful,Alessia Cara,canadian contemporary r&b,2016,97,74,57,-6,11,45,230,3,13,79
376,377,Like I'm Gonna Lose You (feat. John Legend),Meghan Trainor,dance pop,2016,108,53,63,-7,18,42,225,40,4,79
377,378,Work,Rihanna,barbadian pop,2016,92,53,73,-6,9,56,219,8,9,78
378,379,Stitches,Shawn Mendes,canadian pop,2016,150,75,75,-7,5,76,207,2,7,78
379,380,"Me, Myself & I",G-Eazy,hip hop,2016,112,67,76,-7,16,38,251,2,10,78
380,381,I Took A Pill In Ibiza - Seeb Remix,Mike Posner,dance pop,2016,102,71,66,-7,8,69,198,4,11,78
381,382,Dangerous Woman,Ariana Grande,dance pop,2016,134,60,66,-5,36,29,236,5,4,78
382,383,Starving,Hailee Steinfeld,dance pop,2016,100,62,73,-4,11,51,182,38,6,78
383,384,Shout Out to My Ex,Little Mix,dance pop,2016,126,75,77,-4,11,80,246,2,9,77
384,385,Electric Love,BØRNS,electropop,2016,120,80,61,-8,26,52,218,1,5,76
385,386,Confident,Demi Lovato,dance pop,2016,130,75,59,-6,9,34,206,0,7,75
386,387,Too Good,Drake,canadian hip hop,2016,118,65,79,-8,10,39,263,5,10,74
387,388,Roses,The Chainsmokers,electropop,2016,100,80,71,-7,31,34,227,4,6,74
388,389,Cold Water (feat. Justin Bieber & MØ),Major Lazer,dance pop,2016,93,80,61,-5,16,50,185,7,4,73
389,390,Me Too,Meghan Trainor,dance pop,2016,124,69,93,-6,48,84,181,10,10,73
390,391,Light It Up (feat. Nyla & Fuse ODG) [Remix],Major Lazer,dance pop,2016,108,88,75,-4,23,75,166,4,7,73
391,392,Ain't Your Mama,Jennifer Lopez,dance pop,2016,120,68,76,-6,7,82,218,5,23,72
392,393,Close,Nick Jonas,dance pop,2016,124,62,65,-5,14,40,234,25,8,72
393,394,Toothbrush,DNCE,dance pop,2016,105,79,55,-6,47,82,232,12,13,72
394,395,All We Know,The Chainsmokers,electropop,2016,90,59,66,-9,12,30,194,10,3,72
395,396,Final Song,MØ,dance pop,2016,105,67,70,-6,8,25,236,1,3,72
396,397,Company,Justin Bieber,canadian pop,2016,95,80,59,-5,8,43,208,13,6,72
397,398,Hands To Myself,Selena Gomez,dance pop,2016,111,50,81,-7,34,47,201,1,12,71
398,399,All I Ask,Adele,british soul,2016,142,28,59,-5,15,34,272,88,3,71
399,400,"Just Like Fire (From the Original Motion Picture ""Alice Through The Looking Glass"")",P!nk,dance pop,2016,163,70,63,-6,11,50,215,1,15,71
400,401,NO,Meghan Trainor,dance pop,2016,92,80,56,-4,74,65,214,1,22,70
401,402,Kill Em With Kindness,Selena Gomez,dance pop,2016,120,88,76,-5,10,40,218,1,4,70
402,403,Cool Girl,Tove Lo,dance pop,2016,102,69,67,-7,8,20,199,31,11,69
403,404,Runnin' (Lose It All),Naughty Boy,tropical house,2016,139,85,32,-6,48,8,213,1,8,69
404,405,Here,Alessia Cara,canadian contemporary r&b,2016,120,82,38,-4,8,33,199,8,10,68
405,406,Perfect Illusion,Lady Gaga,dance pop,2016,125,86,61,-5,36,66,182,0,4,67
406,407,PILLOWTALK,ZAYN,dance pop,2016,125,70,59,-4,9,43,204,10,5,66
407,408,Out Of The Woods,Taylor Swift,pop,2016,92,84,55,-7,34,34,236,0,4,66
408,409,Rise,Katy Perry,dance pop,2016,101,64,55,-6,11,44,203,5,5,66
409,410,Wherever I Go,OneRepublic,dance pop,2016,100,69,55,-6,27,35,170,9,4,66
410,411,Body Say,Demi Lovato,dance pop,2016,87,74,63,-5,28,26,194,0,4,65
411,412,Don't Be A Fool,Shawn Mendes,canadian pop,2016,175,34,47,-6,10,27,216,60,4,65
412,413,LIKE I WOULD,ZAYN,dance pop,2016,113,83,56,-6,26,23,192,2,11,65
413,414,Cheap Thrills,Sia,australian dance,2016,90,80,59,-5,8,73,225,6,22,64
414,415,I Got You,Bebe Rexha,dance pop,2016,98,89,61,-5,9,32,192,5,5,64
415,416,Run Away With Me,Carly Rae Jepsen,canadian pop,2016,119,72,56,-6,5,25,251,1,5,63
416,417,Cruel (feat. ZAYN),Snakehips,dance pop,2016,110,88,60,-4,16,32,228,2,12,63
417,418,Send My Love (To Your New Lover),Adele,british soul,2016,164,52,69,-8,17,56,223,4,10,61
418,419,WTF (Where They From),Missy Elliott,dance pop,2016,120,82,93,-3,6,56,193,2,20,58
419,420,Desire,Years & Years,dance pop,2016,126,78,71,-5,30,64,203,30,6,58
420,421,When We Were Young,Adele,british soul,2016,144,59,38,-6,9,27,291,35,5,58
421,422,I Know What You Did Last Summer,Shawn Mendes,canadian pop,2016,114,77,68,-5,16,72,224,11,10,57
422,423,Wish That You Were Here - From Miss Peregrines Home for Peculiar Children Original Motion Picture,Florence + The Machine,art pop,2016,94,57,37,-6,13,12,403,72,3,57
423,424,Hurts,Emeli Sandé,dance pop,2016,106,64,58,-8,15,18,238,2,3,57
424,425,Change,Christina Aguilera,dance pop,2016,82,54,62,-6,13,20,187,68,8,54
425,426,Make Me... (feat. G-Eazy),Britney Spears,dance pop,2016,123,70,70,-7,22,58,231,16,10,53
426,427,Keeping Your Head Up,Birdy,neo mellow,2016,122,78,60,-5,19,53,208,16,5,52
427,428,True Colors,Zedd,complextro,2016,126,79,57,-3,10,49,225,40,4,51
428,429,Make Me Like You,Gwen Stefani,dance pop,2016,118,71,74,-5,13,80,217,4,5,50
429,430,Champagne Problems,Nick Jonas,dance pop,2016,108,78,73,-5,9,64,193,0,13,50
430,431,Blown,DNCE,dance pop,2016,130,95,63,-5,10,73,197,0,4,48
431,432,Start,John Legend,neo mellow,2016,110,4,52,-15,9,26,310,99,4,47
432,433,Pep Rally,Missy Elliott,dance pop,2016,90,75,83,-4,20,32,263,22,12,47
433,434,Higher,Carly Rae Jepsen,canadian pop,2016,114,87,65,-5,37,44,234,1,6,46
434,435,Invitation,Britney Spears,dance pop,2016,112,65,37,-7,9,16,200,3,11,44
435,436,One Call Away (feat. Tyga) - Remix,Charlie Puth,dance pop,2016,91,69,75,-5,13,52,192,26,4,41
436,437,Beautiful Birds (feat. Birdy),Passenger,folk-pop,2016,86,17,39,-13,11,14,214,91,3,36
437,438,Little Lies,Hilary Duff,dance pop,2016,124,76,57,-6,4,40,204,0,6,36
438,439,Do You Wanna Come Over?,Britney Spears,dance pop,2016,121,70,75,-6,11,45,203,1,7,34
439,440,BURNITUP!,Janet Jackson,dance pop,2016,123,71,83,-7,31,83,250,5,18,31
440,441,Picky - Remix,Joey Montana,latin,2016,186,81,70,-3,37,69,225,9,7,29
441,442,Behind Your Back,Nelly Furtado,canadian latin,2016,98,47,80,-10,7,69,228,25,4,18
442,443,Million Years Ago,Adele,british soul,2016,0,0,0,-60,0,0,227,0,0,0
443,444,Shape of You,Ed Sheeran,pop,2017,96,65,83,-3,9,93,234,58,8,87
444,445,Closer,The Chainsmokers,electropop,2017,95,52,75,-6,11,66,245,41,3,86
445,446,Starboy,The Weeknd,canadian contemporary r&b,2017,186,59,68,-7,14,49,230,14,28,85
446,447,Treat You Better,Shawn Mendes,canadian pop,2017,83,82,44,-4,11,75,188,11,34,84
447,448,That's What I Like,Bruno Mars,pop,2017,134,56,85,-5,9,86,207,1,4,83
448,449,Let Me Love You,DJ Snake,electronic trap,2017,100,72,65,-5,14,16,206,9,3,82
449,450,I Feel It Coming,The Weeknd,canadian contemporary r&b,2017,93,82,77,-6,7,59,269,43,12,81
450,451,Mercy,Shawn Mendes,canadian pop,2017,148,66,56,-5,11,36,209,13,8,81
451,452,Side To Side,Ariana Grande,dance pop,2017,159,74,65,-6,24,61,226,5,23,80
452,453,Stay,Zedd,complextro,2017,102,62,69,-5,12,54,210,25,6,80
453,454,It Ain't Me (with Selena Gomez),Kygo,edm,2017,100,53,64,-7,9,52,221,12,7,79
454,455,Malibu,Miley Cyrus,dance pop,2017,140,78,57,-6,8,34,232,8,6,78
455,456,Something Just Like This,The Chainsmokers,electropop,2017,103,65,61,-7,17,51,248,3,4,78
456,457,Rockabye (feat. Sean Paul & Anne-Marie),Clean Bandit,dance pop,2017,102,76,72,-4,18,74,251,41,5,78
457,458,I Dont Wanna Live Forever (Fifty Shades Darker),ZAYN,dance pop,2017,118,45,74,-8,33,9,245,6,6,78
458,459,My Way,Calvin Harris,dance pop,2017,120,91,82,-3,16,54,219,9,4,78
459,460,"I'm the One (feat. Justin Bieber, Quavo, Chance the Rapper & Lil Wayne)",DJ Khaled,dance pop,2017,81,67,61,-4,17,81,289,6,4,77
460,461,Praying,Kesha,dance pop,2017,73,39,58,-7,11,32,230,49,3,77
461,462,Despacito - Remix,Luis Fonsi,latin,2017,178,82,65,-4,10,82,229,23,17,76
462,463,The Greatest,Sia,australian dance,2017,192,73,67,-6,6,73,210,1,27,76
463,464,There for You,Martin Garrix,big room,2017,106,64,61,-8,12,13,222,12,6,76
464,465,Paris,The Chainsmokers,electropop,2017,100,64,65,-7,9,25,222,2,3,76
465,466,Crying in the Club,Camila Cabello,dance pop,2017,85,62,33,-6,16,60,216,33,38,75
466,467,Mama,Jonas Blue,dance pop,2017,104,79,74,-4,5,57,184,10,4,75
467,468,Slide (feat. Frank Ocean & Migos),Calvin Harris,dance pop,2017,104,80,74,-3,25,51,231,50,5,75
468,469,Swish Swish,Katy Perry,dance pop,2017,120,71,84,-5,10,57,243,2,4,73
469,470,Chained To The Rhythm,Katy Perry,dance pop,2017,190,80,45,-5,20,47,238,8,17,72
470,471,Cold (feat. Future),Maroon 5,pop,2017,100,72,69,-6,5,41,234,14,11,72
471,472,Love,Lana Del Rey,art pop,2017,99,37,53,-11,11,23,273,49,3,72
472,473,Reggaetón Lento (Remix),CNCO,boy band,2017,94,91,53,-3,10,62,189,15,9,71
473,474,All I Ask,Adele,british soul,2017,142,28,59,-5,15,34,272,88,3,71
474,475,First Time,Kygo,edm,2017,90,59,63,-7,10,68,194,20,11,71
475,476,The Cure,Lady Gaga,dance pop,2017,100,51,70,-5,9,52,211,8,3,71
476,477,"How Far I'll Go - From ""Moana""",Alessia Cara,canadian contemporary r&b,2017,181,54,31,-10,7,16,176,16,35,71
477,478,Bodak Yellow,Cardi B,pop,2017,125,72,93,-6,35,46,224,7,11,70
478,479,Rich Love (with Seeb),OneRepublic,dance pop,2017,105,87,40,-4,36,47,201,17,31,70
479,480,Tired,Alan Walker,electro house,2017,124,88,69,-4,15,49,192,4,6,70
480,481,Came Here for Love,Sigala,dance pop,2017,125,87,71,-3,12,72,203,3,4,70
481,482,24K Magic,Bruno Mars,pop,2017,107,80,82,-4,15,63,226,3,8,69
482,483,Strip That Down (feat. Quavo),Liam Payne,dance pop,2017,106,50,87,-5,8,55,202,20,5,69
483,484,Cut To The Feeling,Carly Rae Jepsen,canadian pop,2017,115,91,71,-3,30,65,208,1,6,69
484,485,OK - Spotify Version,Robin Schulz,dance pop,2017,122,81,65,-6,13,58,189,12,6,69
485,486,Bon appétit,Katy Perry,dance pop,2017,106,79,80,-6,22,52,228,13,6,68
486,487,Summer Bummer (feat. A$AP Rocky & Playboi Carti),Lana Del Rey,art pop,2017,135,57,76,-9,20,14,261,2,13,67
487,488,Get Low (with Liam Payne),Zedd,complextro,2017,108,93,72,-4,5,54,205,3,5,66
488,489,Kissing Strangers,DNCE,dance pop,2017,120,74,77,-6,9,86,202,5,4,66
489,490,Slow Hands,Niall Horan,dance pop,2017,86,42,74,-7,6,85,188,1,5,64
490,491,Younger Now,Miley Cyrus,dance pop,2017,122,87,55,-5,14,33,249,0,6,62
491,492,Body Moves,DNCE,dance pop,2017,102,69,65,-5,4,86,236,0,4,62
492,493,Reality (feat. Janieck Devy) - Radio Edit,Lost Frequencies,belgian edm,2017,122,64,73,-7,8,53,158,2,4,59
493,494,Angel,Fifth Harmony,dance pop,2017,124,53,74,-6,35,13,189,0,4,59
494,495,Touch (feat. Kid Ink),Little Mix,dance pop,2017,102,75,64,-4,49,53,203,4,11,59
495,496,We Don't Talk Anymore - DROELOE Remix,Charlie Puth,dance pop,2017,100,82,70,-5,45,67,218,49,22,59
496,497,Love Incredible (feat. Camila Cabello),Cashmere Cat,downtempo,2017,167,50,37,-9,20,21,180,6,12,59
497,498,No Vacancy (with Sebastián Yatra),OneRepublic,dance pop,2017,100,76,69,-4,14,59,223,8,4,57
498,499,Rich Boy,Galantis,big room,2017,110,90,74,-2,8,65,184,7,5,55
499,500,Lust for Life (with The Weeknd),Lana Del Rey,art pop,2017,100,67,51,-9,36,27,264,58,6,54
500,501,Greenlight (feat. Flo Rida & LunchMoney Lewis),Pitbull,dance pop,2017,115,83,70,-6,36,63,245,28,27,54
501,502,Influence,Tove Lo,dance pop,2017,105,59,77,-10,11,33,225,10,5,54
502,503,Remember I Told You,Nick Jonas,dance pop,2017,113,53,68,-6,4,84,202,14,28,53
503,504,Messin' Around,Pitbull,dance pop,2017,158,81,57,-5,4,78,223,2,5,51
504,505,Water Under the Bridge,Adele,british soul,2017,95,84,60,-7,11,47,240,2,7,49
505,506,Free Me,Sia,australian dance,2017,87,46,27,-4,14,21,286,85,3,44
506,507,Kissing Strangers - Remix,DNCE,dance pop,2017,120,77,76,-6,8,81,202,8,5,43
507,508,A L I E N S,Coldplay,permanent wave,2017,148,88,43,-5,21,25,282,0,4,41
508,509,One Kiss (with Dua Lipa),Calvin Harris,dance pop,2018,124,86,79,-3,8,59,215,4,11,86
509,510,Havana (feat. Young Thug),Camila Cabello,dance pop,2018,105,52,77,-4,13,39,217,18,3,85
510,511,I Like It,Cardi B,pop,2018,136,73,82,-4,37,65,253,10,13,85
511,512,New Rules,Dua Lipa,dance pop,2018,116,70,76,-6,15,61,209,0,7,84
512,513,There's Nothing Holdin' Me Back,Shawn Mendes,canadian pop,2018,122,81,87,-4,8,97,199,38,6,84
513,514,no tears left to cry,Ariana Grande,dance pop,2018,122,71,70,-6,29,35,206,4,6,84
514,515,IDGAF,Dua Lipa,dance pop,2018,97,54,84,-6,8,51,218,4,9,84
515,516,In My Blood,Shawn Mendes,canadian pop,2018,140,71,62,-7,13,49,211,6,7,83
516,517,Wolves,Selena Gomez,dance pop,2018,125,80,72,-5,20,31,198,12,4,83
517,518,Dusk Till Dawn - Radio Edit,ZAYN,dance pop,2018,180,44,26,-7,11,10,239,10,4,83
518,519,Attention,Charlie Puth,dance pop,2018,100,61,78,-5,13,80,209,11,5,83
519,520,Electricity (with Dua Lipa),Silk City,edm,2018,118,67,59,-6,34,51,238,1,5,82
520,521,Love On The Brain,Rihanna,barbadian pop,2018,172,64,51,-5,8,38,224,7,5,82
521,522,"Let Me Go (with Alesso, Florida Georgia Line & watt)",Hailee Steinfeld,dance pop,2018,103,71,66,-4,8,74,175,3,5,82
522,523,Silence,Marshmello,brostep,2018,142,76,52,-3,17,29,181,26,9,82
523,524,Sorry Not Sorry,Demi Lovato,dance pop,2018,144,64,71,-7,26,89,204,2,23,81
524,525,Shallow - Radio Edit,Lady Gaga,dance pop,2018,96,33,57,-7,9,28,217,42,3,80
525,526,These Days,Rudimental,dance pop,2018,92,81,65,-4,17,55,211,19,5,80
526,527,What Lovers Do (feat. SZA),Maroon 5,pop,2018,110,60,80,-5,10,42,200,8,6,79
527,528,Finesse - Remix; feat. Cardi B,Bruno Mars,pop,2018,105,86,70,-5,2,93,217,2,10,78
528,529,Perfect Duet (Ed Sheeran & Beyoncé),Ed Sheeran,pop,2018,95,30,59,-7,12,36,260,78,3,78
529,530,Bad At Love,Halsey,dance pop,2018,118,75,68,-4,9,61,181,6,3,78
530,531,Him & I (with Halsey),G-Eazy,hip hop,2018,88,73,59,-6,31,19,269,5,9,78
531,532,Friends (with BloodPop®),Justin Bieber,canadian pop,2018,105,73,74,-5,30,62,189,0,4,77
532,533,Wild Thoughts (feat. Rihanna & Bryson Tiller),DJ Khaled,dance pop,2018,98,67,67,-3,12,63,204,3,7,76
533,534,My My My!,Troye Sivan,dance pop,2018,103,46,70,-8,5,48,205,0,8,76
534,535,Capital Letters,Hailee Steinfeld,dance pop,2018,100,81,66,-6,5,46,219,3,8,76
535,536,Sick Boy,The Chainsmokers,electropop,2018,90,58,66,-8,12,45,193,11,5,76
536,537,Tequila,Dan + Shay,contemporary country,2018,86,59,47,-6,13,50,196,3,3,76
537,538,Look What You Made Me Do,Taylor Swift,pop,2018,128,71,77,-6,13,51,212,20,12,75
538,539,Youth (feat. Khalid),Shawn Mendes,canadian pop,2018,100,60,53,-7,13,32,191,56,12,75
539,540,Bad Liar,Selena Gomez,dance pop,2018,121,41,97,-6,8,73,215,19,7,75
540,541,Anywhere,Rita Ora,dance pop,2018,107,80,63,-4,10,32,215,4,6,74
541,542,Say Something,Justin Timberlake,dance pop,2018,97,63,71,-7,8,37,279,10,8,74
542,543,Chun-Li,Nicki Minaj,dance pop,2018,129,73,69,-5,11,48,192,28,37,73
543,544,Sign of the Times,Harry Styles,dance pop,2018,120,57,52,-5,11,21,341,3,3,72
544,545,Familiar,Liam Payne,dance pop,2018,93,81,64,-5,8,91,197,2,33,72
545,546,Let Me,ZAYN,dance pop,2018,168,57,46,-6,10,19,185,24,5,72
546,547,Supernova,Ansel Elgort,dance pop,2018,140,62,77,-5,21,68,191,6,10,72
547,548,Nervous,Shawn Mendes,canadian pop,2018,122,62,84,-7,13,74,164,4,8,71
548,549,First Time,Kygo,edm,2018,90,59,63,-7,10,68,194,20,11,71
549,550,End Game,Taylor Swift,pop,2018,159,59,65,-6,11,15,245,1,6,70
550,551,Mi Gente (feat. Beyoncé),J Balvin,latin,2018,105,72,76,-6,23,47,210,2,8,68
551,552,Lemon,N.E.R.D,hip hop,2018,95,73,92,-7,12,20,220,0,9,68
552,553,For You (With Rita Ora),Liam Payne,dance pop,2018,113,80,54,-5,42,18,243,2,3,67
553,554,Want To,Dua Lipa,dance pop,2018,92,69,57,-5,6,32,212,8,12,67
554,555,What I Need (feat. Kehlani),Hayley Kiyoko,dance pop,2018,104,79,63,-4,16,41,220,5,6,67
555,556,Wait,Maroon 5,pop,2018,126,60,66,-5,11,45,191,10,6,67
556,557,What About Us,P!nk,dance pop,2018,114,59,39,-6,9,19,272,3,6,66
557,558,Kissing Strangers,DNCE,dance pop,2018,120,74,77,-6,9,86,202,5,4,66
558,559,2U (feat. Justin Bieber),David Guetta,dance pop,2018,145,61,53,-7,23,53,195,23,6,65
559,560,Walk On Water (feat. Beyoncé),Eminem,detroit hip hop,2018,82,44,48,-10,64,62,304,81,24,65
560,561,This Town,Niall Horan,dance pop,2018,112,41,68,-8,12,20,233,70,3,64
561,562,"Girls (feat. Cardi B, Bebe Rexha & Charli XCX)",Rita Ora,dance pop,2018,94,69,73,-4,10,42,221,2,5,64
562,563,MOVE TO MIAMI,Enrique Iglesias,dance pop,2018,100,87,76,-4,7,90,169,3,5,64
563,564,Miss You (with Major Lazer & Tory Lanez),Cashmere Cat,downtempo,2018,100,64,75,-5,11,45,186,25,9,64
564,565,Filthy,Justin Timberlake,dance pop,2018,97,58,75,-6,25,65,294,4,14,62
565,566,Never Be the Same - Radio Edit,Camila Cabello,dance pop,2018,130,69,63,-4,12,25,227,16,9,57
566,567,Ferrari,Bebe Rexha,dance pop,2018,77,48,58,-6,10,42,213,2,3,57
567,568,Supplies,Justin Timberlake,dance pop,2018,120,55,79,-7,13,23,226,1,5,57
568,569,Boom Boom,RedOne,moroccan pop,2018,110,76,75,-8,20,58,248,0,5,53
569,570,...Ready For It? - BloodPop® Remix,Taylor Swift,pop,2018,160,84,58,-5,10,50,190,13,22,52
570,571,Drip (feat. Migos),Cardi B,pop,2018,130,59,97,-8,8,27,264,5,26,45
571,572,Tell Me You Love Me - NOTD Remix,Demi Lovato,dance pop,2018,102,77,58,-5,9,76,182,5,8,44
572,573,Memories,Maroon 5,pop,2019,91,32,76,-7,8,57,189,84,5,99
573,574,Lose You To Love Me,Selena Gomez,dance pop,2019,102,34,51,-9,21,9,206,58,4,97
574,575,Someone You Loved,Lewis Capaldi,pop,2019,110,41,50,-6,11,45,182,75,3,96
575,576,Señorita,Shawn Mendes,canadian pop,2019,117,54,76,-6,9,75,191,4,3,95
576,577,How Do You Sleep?,Sam Smith,pop,2019,111,68,48,-5,8,35,202,15,9,93
577,578,South of the Border (feat. Camila Cabello & Cardi B),Ed Sheeran,pop,2019,98,62,86,-6,9,67,204,15,8,92
578,579,Trampoline (with ZAYN),SHAED,electropop,2019,127,46,62,-6,14,50,184,56,3,92
579,580,Happier,Marshmello,brostep,2019,100,79,69,-3,17,67,214,19,5,90
580,581,Truth Hurts,Lizzo,escape room,2019,158,62,72,-3,12,41,173,11,11,90
581,582,Good as Hell (feat. Ariana Grande) - Remix,Lizzo,escape room,2019,96,89,67,-3,74,48,159,30,6,90
582,583,Higher Love,Kygo,edm,2019,104,68,69,-7,10,40,228,2,3,88
583,584,Only Human,Jonas Brothers,boy band,2019,94,50,80,-6,6,87,183,11,7,87
584,585,Beautiful People (feat. Khalid),Ed Sheeran,pop,2019,93,65,64,-8,8,55,198,12,19,86
585,586,Sucker,Jonas Brothers,boy band,2019,138,73,84,-5,11,95,181,4,6,86
586,587,Don't Call Me Up,Mabel,dance pop,2019,99,88,67,-3,8,23,178,30,15,86
587,588,I Don't Care (with Justin Bieber),Ed Sheeran,pop,2019,102,68,80,-5,9,84,220,9,4,85
588,589,Talk (feat. Disclosure),Khalid,alternative r&b,2019,136,40,90,-9,6,35,198,5,13,84
589,590,Giant (with Rag'n'Bone Man),Calvin Harris,dance pop,2019,122,89,81,-4,8,61,229,2,4,84
590,591,Takeaway,The Chainsmokers,electropop,2019,100,51,53,-8,10,35,210,13,3,83
591,592,All Around The World (La La La),R3HAB,big room,2019,125,86,73,-5,11,52,148,48,3,82
592,593,Girls Like You (feat. Cardi B),Maroon 5,pop,2019,125,54,85,-7,13,45,236,57,5,81
593,594,Call You Mine,The Chainsmokers,electropop,2019,104,70,59,-6,34,52,218,20,3,81
594,595,No Guidance (feat. Drake),Chris Brown,dance pop,2019,93,45,70,-7,16,14,261,12,15,81
595,596,Antisocial (with Travis Scott),Ed Sheeran,pop,2019,152,82,72,-5,36,91,162,13,5,78
596,597,"Taki Taki (feat. Selena Gomez, Ozuna & Cardi B)",DJ Snake,electronic trap,2019,96,80,84,-4,6,62,213,16,23,77
597,598,Con Calma - Remix,Daddy Yankee,latin,2019,94,87,74,-3,4,61,181,17,5,76
598,599,Find U Again (feat. Camila Cabello),Mark Ronson,dance pop,2019,104,66,61,-7,20,16,176,1,3,75
599,600,Cross Me (feat. Chance the Rapper & PnB Rock),Ed Sheeran,pop,2019,95,79,75,-6,7,61,206,21,12,75
600,601,"No Brainer (feat. Justin Bieber, Chance the Rapper & Quavo)",DJ Khaled,dance pop,2019,136,76,53,-5,9,65,260,7,34,70
601,602,Nothing Breaks Like a Heart (feat. Miley Cyrus),Mark Ronson,dance pop,2019,114,79,60,-6,42,24,217,1,7,69
602,603,Kills You Slowly,The Chainsmokers,electropop,2019,150,44,70,-9,13,23,213,6,6,67
